replyID,replyDate,reply_object,replyInfoHead,typeNameD,stateInfo,single_url
17194469,2023-01-23 23:25,河北省邯郸市市长樊成华,投诉华润燃气三天两头饭点停气,投诉/求助,已办理,http://liuyan.people.com.cn/threads/content?tid=17194469&from=search
17193893,2023-01-23 19:26,河北省沧州市委书记康彦民,23年1月24号中燃燃气公司无故停止供气,投诉/求助,已办理,http://liuyan.people.com.cn/threads/content?tid=17193893&from=search
17184480,2023-01-19 21:43,河北省委书记倪岳峰,求助,,投诉/求助 办理中,http://liuyan.people.com.cn/threads/content?tid=17184480&from=search
17117507,2023-01-09 06:44,河北省委书记倪岳峰,农村煤改气，现在晚上没气取暖,投诉/求助,办理中,http://liuyan.people.com.cn/threads/content?tid=17117507&from=search
17101483,2023-01-06 23:20,河北省沧州市市长向辉,无故停天然气,投诉/求助,已办理,http://liuyan.people.com.cn/threads/content?tid=17101483&from=search
17096112,2023-01-06 02:47,河北省保定市市长闫继红,燃气公司强制停气,投诉/求助,办理中,http://liuyan.people.com.cn/threads/content?tid=17096112&from=search
17087189,2023-01-04 23:35,河北省保定市望都县委书记,农村天燃气供暖问题,投诉/求助,已办理,http://liuyan.people.com.cn/threads/content?tid=17087189&from=search
17085476,2023-01-04 20:15,河北省石家庄市元氏县委书记,农村天然气供给不足，无法取暖做饭,投诉/求助,已办理,http://liuyan.people.com.cn/threads/content?tid=17085476&from=search
17080255,2023-01-04 00:55,河北省省长王正谱,邢台市隆尧县农村取暖燃气不是限购就是停气,投诉/求助,已办理,http://liuyan.people.com.cn/threads/content?tid=17080255&from=search
17075895,2023-01-03 07:52,河北省委书记倪岳峰,邢台市广宗中燃公司,投诉/求助,办理中,http://liuyan.people.com.cn/threads/content?tid=17075895&from=search
17074802,2023-01-03 04:58,河北省委书记倪岳峰,河北农村燃气夜间断供，无法正常采暖,投诉/求助,办理中,http://liuyan.people.com.cn/threads/content?tid=17074802&from=search
17070461,2023-01-02 19:39,河北省委书记倪岳峰,燃气停气,投诉/求助,办理中,http://liuyan.people.com.cn/threads/content?tid=17070461&from=search
17067453,2023-01-02 02:44,河北省委书记倪岳峰,农村取暖难,投诉/求助,办理中,http://liuyan.people.com.cn/threads/content?tid=17067453&from=search
17064584,2023-01-01 09:51,河北省保定市委书记党晓龙,燃气供暖停气频繁严重影响供暖,投诉/求助,已办理,http://liuyan.people.com.cn/threads/content?tid=17064584&from=search
17060440,2022-12-31 11:23,河北省邯郸市委书记张维亮,肥乡区中燃公司擅自限气和停气,投诉/求助,办理中,http://liuyan.people.com.cn/threads/content?tid=17060440&from=search
17059023,2022-12-31 05:36,河北省沧州市献县县委书记,中石化调高价格,,建言 已办理,http://liuyan.people.com.cn/threads/content?tid=17059023&from=search
17056525,2022-12-30 21:08,河北省廊坊市委书记王立彤,百川燃气一周停气四次，阳性居民供暖苦不堪言,投诉/求助,办理中,http://liuyan.people.com.cn/threads/content?tid=17056525&from=search
17056334,2022-12-30 20:24,河北省委书记倪岳峰,天然气天天停气,投诉/求助,办理中,http://liuyan.people.com.cn/threads/content?tid=17056334&from=search
17055513,2022-12-30 11:12,河北省保定市徐水区委书记,奥德徐水天然气公司晚上必停气，连续了半个月了,建言,已办理,http://liuyan.people.com.cn/threads/content?tid=17055513&from=search
17054836,2022-12-30 08:47,河北省邯郸市邱县县委书记,求助,投诉/求助,办理中,http://liuyan.people.com.cn/threads/content?tid=17054836&from=search
17053278,2022-12-30 04:45,河北省保定市市长闫继红,跨年夜我们却面临停气挨冻的担忧，恳求领导整顿,投诉/求助,已办理,http://liuyan.people.com.cn/threads/content?tid=17053278&from=search
17052590,2022-12-30 03:10,河北省邢台市巨鹿县委书记,每天晚上停气,投诉/求助,待回复,http://liuyan.people.com.cn/threads/content?tid=17052590&from=search
17050736,2022-12-29 22:51,河北省委书记倪岳峰,天然气供给不足，影响民生,投诉/求助,办理中,http://liuyan.people.com.cn/threads/content?tid=17050736&from=search
17049506,2022-12-29 20:34,河北省廊坊市委书记王立彤,冬天天然气总停气，农村无法正常取暖做饭,投诉/求助,办理中,http://liuyan.people.com.cn/threads/content?tid=17049506&from=search
17048491,2022-12-29 16:39,河北省委书记倪岳峰,燃气公司每天停气,该怎么过冬,投诉/求助 办理中,http://liuyan.people.com.cn/threads/content?tid=17048491&from=search
17045714,2022-12-29 04:30,河北省沧州市盐山县委书记,中石油卖高价气，停气让老百姓挨冻,投诉/求助,已办理,http://liuyan.people.com.cn/threads/content?tid=17045714&from=search
17043935,2022-12-29 01:01,河北省邢台市委书记,巨鹿县官亭镇常营村天然气限购，还经常停气,投诉/求助,办理中,http://liuyan.people.com.cn/threads/content?tid=17043935&from=search
17043698,2022-12-29 00:22,河北省保定市高碑店市委书记,煤改气供暖，但一到晚上就停气，无法供暖,投诉/求助,已办理,http://liuyan.people.com.cn/threads/content?tid=17043698&from=search
17039785,2022-12-28 08:56,河北省邯郸市委书记张维亮,天燃气没气,投诉/求助,待回复,http://liuyan.people.com.cn/threads/content?tid=17039785&from=search
17039332,2022-12-28 07:57,河北省衡水市饶阳县委书记,天然气供应,投诉/求助,已办理,http://liuyan.people.com.cn/threads/content?tid=17039332&from=search
17039242,2022-12-28 07:45,河北省邯郸市永年区委书记,燃气天天停气，百姓取暖做饭难,投诉/求助,已办理,http://liuyan.people.com.cn/threads/content?tid=17039242&from=search
17039168,2022-12-28 07:36,河北省邢台市市长宋华英,河北省天然气有限公司卖高价气，停气让我们受冻,投诉/求助,已办理,http://liuyan.people.com.cn/threads/content?tid=17039168&from=search
17038661,2022-12-28 06:35,河北省邢台市南宫市委书记,农村取暖断气问题,投诉/求助,已办理,http://liuyan.people.com.cn/threads/content?tid=17038661&from=search
17038541,2022-12-28 06:19,河北省邯郸市永年区委书记,永年天然气为什么天天停。,投诉/求助,已办理,http://liuyan.people.com.cn/threads/content?tid=17038541&from=search
17038267,2022-12-28 05:32,河北省委书记倪岳峰,邯郸市永年区天然气没气,建言,已办理,http://liuyan.people.com.cn/threads/content?tid=17038267&from=search
17035342,2022-12-27 22:56,河北省委书记倪岳峰,廊坊市文安县住建局,,投诉/求助 办理中,http://liuyan.people.com.cn/threads/content?tid=17035342&from=search
17031829,2022-12-27 08:59,河北省委书记倪岳峰,保定市顺平县到了冬季天天晚上停气,建言,已办理,http://liuyan.people.com.cn/threads/content?tid=17031829&from=search
17031189,2022-12-27 07:36,河北省委书记倪岳峰,邯郸市邯山区南堡乡沙口村高铁桥西停电频繁,投诉/求助,已办理,http://liuyan.people.com.cn/threads/content?tid=17031189&from=search
17031052,2022-12-27 07:20,河北省邯郸市市长樊成华,煤改气,投诉/求助,已办理,http://liuyan.people.com.cn/threads/content?tid=17031052&from=search
17030699,2022-12-27 06:42,河北省沧州市委书记康彦民,断气供暖,投诉/求助,办理中,http://liuyan.people.com.cn/threads/content?tid=17030699&from=search
17029600,2022-12-27 04:05,河北省省长王正谱,奥德燃气不供天然气,投诉/求助,已办理,http://liuyan.people.com.cn/threads/content?tid=17029600&from=search
17027699,2022-12-27 00:14,河北省委书记倪岳峰,冬天经常停气断电，无法保障正常取暖,投诉/求助,已办理,http://liuyan.people.com.cn/threads/content?tid=17027699&from=search
17027501,2022-12-26 23:42,河北省委书记倪岳峰,农村今冬如何过,投诉/求助,已办理,http://liuyan.people.com.cn/threads/content?tid=17027501&from=search
17027174,2022-12-26 22:59,河北省邢台市委书记,天然气每天停气，百姓不能生存,投诉/求助,已办理,http://liuyan.people.com.cn/threads/content?tid=17027174&from=search
17027048,2022-12-26 22:44,河北省沧州市委书记康彦民,冬季燃气供暖不足，老人家里挨冻,投诉/求助,已办理,http://liuyan.people.com.cn/threads/content?tid=17027048&from=search
17026736,2022-12-26 22:11,河北省委书记倪岳峰,天然气每天故意停气,投诉/求助,办理中,http://liuyan.people.com.cn/threads/content?tid=17026736&from=search
17026634,2022-12-26 22:01,河北省委书记倪岳峰,再不供气,冬天就过完了,投诉/求助 办理中,http://liuyan.people.com.cn/threads/content?tid=17026634&from=search
17026624,2022-12-26 22:00,河北省保定市市长闫继红,徐水区普辰天然气公司半夜停气,投诉/求助,已办理,http://liuyan.people.com.cn/threads/content?tid=17026624&from=search
17026287,2022-12-26 21:27,河北省邢台市隆尧县委书记,天然气问题,投诉/求助,已办理,http://liuyan.people.com.cn/threads/content?tid=17026287&from=search
17025533,2022-12-26 20:06,河北省廊坊市大城县委书记,中燃断气,投诉/求助,已办理,http://liuyan.people.com.cn/threads/content?tid=17025533&from=search
17025394,2022-12-26 19:49,河北省邯郸市曲周县委书记,农民燃气取暖问题,投诉/求助,已办理,http://liuyan.people.com.cn/threads/content?tid=17025394&from=search
17025122,2022-12-26 18:59,河北省石家庄市委书记张超超,元氏县中燃供气公司，不给老百姓供气,投诉/求助,已办理,http://liuyan.people.com.cn/threads/content?tid=17025122&from=search
17024272,2022-12-26 10:03,河北省委书记倪岳峰,谁能帮帮邱县用中燃的用户,投诉/求助,办理中,http://liuyan.people.com.cn/threads/content?tid=17024272&from=search
17024131,2022-12-26 09:38,河北省省长王正谱,中燃公司频繁停气，老百姓生活难,投诉/求助,办理中,http://liuyan.people.com.cn/threads/content?tid=17024131&from=search
17023605,2022-12-26 08:24,河北省沧州市献县县委书记,天然气供应问题,投诉/求助,已办理,http://liuyan.people.com.cn/threads/content?tid=17023605&from=search
17022918,2022-12-26 07:16,河北省保定市委书记党晓龙,农村燃气停气,投诉/求助,已办理,http://liuyan.people.com.cn/threads/content?tid=17022918&from=search
17022626,2022-12-26 06:47,河北省邯郸市邱县县委书记,邱县香城固镇各村每天都停天然气,投诉/求助,办理中,http://liuyan.people.com.cn/threads/content?tid=17022626&from=search
17021838,2022-12-26 05:10,河北省委书记倪岳峰,元氏县中燃能源发展有限公司，每天给老百姓断气,投诉/求助,办理中,http://liuyan.people.com.cn/threads/content?tid=17021838&from=search
17018004,2022-12-25 22:19,河北省邯郸市经济技术开发区党工委书记,经开区申刘庄村天然气后半夜无故停气,投诉/求助,待回复,http://liuyan.people.com.cn/threads/content?tid=17018004&from=search
17016777,2022-12-25 20:40,河北省沧州市委书记康彦民,农村煤改气,投诉/求助,已办理,http://liuyan.people.com.cn/threads/content?tid=17016777&from=search
17016776,2022-12-25 20:40,河北省保定市委书记党晓龙,徐水停燃气,投诉/求助,已办理,http://liuyan.people.com.cn/threads/content?tid=17016776&from=search
17015711,2022-12-25 17:20,河北省委书记倪岳峰,家里刚生孩子，每天晚上停气,投诉/求助,办理中,http://liuyan.people.com.cn/threads/content?tid=17015711&from=search
17014969,2022-12-25 09:29,河北省邯郸市市长樊成华,曲周县燃气公司每天停气,投诉/求助,待回复,http://liuyan.people.com.cn/threads/content?tid=17014969&from=search
17013777,2022-12-25 06:45,河北省委书记倪岳峰,人民取暖,投诉/求助,办理中,http://liuyan.people.com.cn/threads/content?tid=17013777&from=search
17012027,2022-12-25 01:43,河北省邯郸市委书记张维亮,煤改气老是停气,投诉/求助,待回复,http://liuyan.people.com.cn/threads/content?tid=17012027&from=search
17011689,2022-12-25 00:54,河北省委书记倪岳峰,沧州献县商林乡南宗村取暖问题,投诉/求助,办理中,http://liuyan.people.com.cn/threads/content?tid=17011689&from=search
17011335,2022-12-24 23:50,河北省邯郸市曲周县委书记,中燃气在这个取暖的季节天天停气,投诉/求助,已办理,http://liuyan.people.com.cn/threads/content?tid=17011335&from=search
17010126,2022-12-24 21:19,河北省委书记倪岳峰,邯郸冀南新区中燃停供天然气无法取暖,投诉/求助,办理中,http://liuyan.people.com.cn/threads/content?tid=17010126&from=search
17008628,2022-12-24 11:08,河北省保定市徐水区委书记,为什么到晚上就停气,投诉/求助,已办理,http://liuyan.people.com.cn/threads/content?tid=17008628&from=search
17007497,2022-12-24 07:48,河北省委书记倪岳峰,尊敬的领导你好,投诉/求助,办理中,http://liuyan.people.com.cn/threads/content?tid=17007497&from=search
17007224,2022-12-24 07:18,河北省委书记倪岳峰,农村天然气整天不供气,投诉/求助,办理中,http://liuyan.people.com.cn/threads/content?tid=17007224&from=search
17006350,2022-12-24 05:30,河北省沧州市沧县县委书记,沧县奥德燃气故意停气，百姓挨冻,投诉/求助,已办理,http://liuyan.people.com.cn/threads/content?tid=17006350&from=search
17006181,2022-12-24 05:01,河北省沧州市沧县县委书记,沧县黄递铺乡刘吉村天然气停气,投诉/求助,已办理,http://liuyan.people.com.cn/threads/content?tid=17006181&from=search
17006061,2022-12-24 04:42,河北省邯郸市曲周县委书记,曲周中燃限购、晚上停气,投诉/求助,已办理,http://liuyan.people.com.cn/threads/content?tid=17006061&from=search
17005517,2022-12-24 03:36,河北省雄安新区雄县县委书记,事关朱各庄乡新盖房村燃气取暖问题,投诉/求助,已办理,http://liuyan.people.com.cn/threads/content?tid=17005517&from=search
17005208,2022-12-24 03:01,河北省省长王正谱,没有任何通知停天然气，五天了不能正常做饭,投诉/求助,已办理,http://liuyan.people.com.cn/threads/content?tid=17005208&from=search
17002944,2022-12-23 22:39,河北省邢台市宁晋县委书记,北河庄一村天然气问题,投诉/求助,已办理,http://liuyan.people.com.cn/threads/content?tid=17002944&from=search
17000788,2022-12-23 18:28,河北省沧州市委书记康彦民,燃气公司人为断气,投诉/求助,已办理,http://liuyan.people.com.cn/threads/content?tid=17000788&from=search
17000612,2022-12-23 17:30,河北省保定市委书记党晓龙,关于农村天然气停气的问题,投诉/求助,已办理,http://liuyan.people.com.cn/threads/content?tid=17000612&from=search
16999717,2022-12-23 09:38,河北省雄安新区党工委书记张国华,雄县大营镇中国燃气,投诉/求助,已办理,http://liuyan.people.com.cn/threads/content?tid=16999717&from=search
16999579,2022-12-23 09:22,河北省雄安新区雄县县委书记,中国燃气停气,建言,已办理,http://liuyan.people.com.cn/threads/content?tid=16999579&from=search
16998223,2022-12-23 07:25,河北省邯郸市市长樊成华,燃气晚上停气,建言,待回复,http://liuyan.people.com.cn/threads/content?tid=16998223&from=search
16997419,2022-12-23 06:30,河北省委书记倪岳峰,新奥燃气未提前告知要强制停供天然气,投诉/求助,已办理,http://liuyan.people.com.cn/threads/content?tid=16997419&from=search
16996258,2022-12-23 04:52,河北省沧州市委书记康彦民,有关农村地区天然气问题一改,投诉/求助,办理中,http://liuyan.people.com.cn/threads/content?tid=16996258&from=search
16989309,2022-12-22 21:37,河北省沧州市委书记康彦民,中燃无故多次停燃气造成村民冬日无法取暖,投诉/求助,办理中,http://liuyan.people.com.cn/threads/content?tid=16989309&from=search
16983169,2022-12-22 09:09,河北省邯郸市委书记张维亮,燃气停气无法供暖做饭,投诉/求助,已办理,http://liuyan.people.com.cn/threads/content?tid=16983169&from=search
16979643,2022-12-22 06:55,河北省委书记倪岳峰,河北省邯郸市馆陶县路桥乡农村无故停气,投诉/求助,已办理,http://liuyan.people.com.cn/threads/content?tid=16979643&from=search
16965967,2022-12-21 19:38,河北省邯郸市大名县委书记,投诉大名中燃公司,投诉/求助,已办理,http://liuyan.people.com.cn/threads/content?tid=16965967&from=search
16965846,2022-12-21 19:13,河北省保定市委书记党晓龙,安国市中燃燃气,总是停气,投诉/求助 已办理,http://liuyan.people.com.cn/threads/content?tid=16965846&from=search
16965797,2022-12-21 19:01,河北省沧州市南皮县委书记,王寺村燃气取暖困难,投诉/求助,已办理,http://liuyan.people.com.cn/threads/content?tid=16965797&from=search
16965759,2022-12-21 18:52,河北省委书记倪岳峰,村里天天停气，百姓苦不堪言,投诉/求助,办理中,http://liuyan.people.com.cn/threads/content?tid=16965759&from=search
16965313,2022-12-21 12:04,河北省石家庄市委书记张超超,行唐县龙州镇顺城街村天然气取暖每天晚上停气,投诉/求助,已办理,http://liuyan.people.com.cn/threads/content?tid=16965313&from=search
16965160,2022-12-21 10:22,河北省邯郸市大名县委书记,天然气,限购, 停气 投诉/求助 已办理,http://liuyan.people.com.cn/threads/content?tid=16965160&from=search
16965020,2022-12-21 09:34,河北省保定市安国市委书记,村里煤改气取暖，总是停气，影响供暖,投诉/求助,已办理,http://liuyan.people.com.cn/threads/content?tid=16965020&from=search
16963795,2022-12-21 06:23,河北省保定市委书记党晓龙,定兴县新奥燃气半夜停暖,投诉/求助,已办理,http://liuyan.people.com.cn/threads/content?tid=16963795&from=search
16959976,2022-12-20 21:21,河北省委书记倪岳峰,农村燃气断供，做饭取暖成问题,投诉/求助,办理中,http://liuyan.people.com.cn/threads/content?tid=16959976&from=search
16959818,2022-12-20 21:01,河北省邯郸市委书记张维亮,农村燃气经常在饭点停气，影响老百姓正常生活,投诉/求助,办理中,http://liuyan.people.com.cn/threads/content?tid=16959818&from=search
16959464,2022-12-20 20:13,河北省沧州市献县县委书记,农村天然气停气频繁,投诉/求助,已办理,http://liuyan.people.com.cn/threads/content?tid=16959464&from=search
16959260,2022-12-20 19:35,河北省委书记倪岳峰,中燃天然气何时能保证正常供气,投诉/求助,办理中,http://liuyan.people.com.cn/threads/content?tid=16959260&from=search
16959244,2022-12-20 19:29,河北省石家庄市行唐县委书记,天然气取暖炉每天晚上停气,投诉/求助,已办理,http://liuyan.people.com.cn/threads/content?tid=16959244&from=search
16959125,2022-12-20 19:04,河北省委书记倪岳峰,关于中燃公司限气停气问题,投诉/求助,办理中,http://liuyan.people.com.cn/threads/content?tid=16959125&from=search
16958333,2022-12-20 09:41,河北省邯郸市委书记张维亮,广平中燃寒冬供气问题,投诉/求助,办理中,http://liuyan.people.com.cn/threads/content?tid=16958333&from=search
16957969,2022-12-20 08:34,河北省委书记倪岳峰,冬季过半，老百姓供暖还没保障,投诉/求助,已办理,http://liuyan.people.com.cn/threads/content?tid=16957969&from=search
16957877,2022-12-20 08:17,河北省邯郸市市长樊成华,投诉中燃燃气,投诉/求助,已办理,http://liuyan.people.com.cn/threads/content?tid=16957877&from=search
16957051,2022-12-20 06:06,河北省邯郸市大名县委书记,中燃无缘无故老是停气,投诉/求助,已办理,http://liuyan.people.com.cn/threads/content?tid=16957051&from=search
16956800,2022-12-20 05:28,河北省衡水市委书记吴晓华,天然气经常停气,投诉/求助,已办理,http://liuyan.people.com.cn/threads/content?tid=16956800&from=search
16956163,2022-12-20 03:50,河北省委书记倪岳峰,农村天然气供应不足,投诉/求助,办理中,http://liuyan.people.com.cn/threads/content?tid=16956163&from=search
16956010,2022-12-20 03:29,河北省省长王正谱,献县中燃公司停止供气,投诉/求助,已办理,http://liuyan.people.com.cn/threads/content?tid=16956010&from=search
16955055,2022-12-20 01:28,河北省石家庄市元氏县委书记,农村煤改气后，频繁停气，无法正常取暖,投诉/求助,已办理,http://liuyan.people.com.cn/threads/content?tid=16955055&from=search
16954587,2022-12-20 00:12,河北省委书记倪岳峰,农村农民取暖问题,投诉/求助,办理中,http://liuyan.people.com.cn/threads/content?tid=16954587&from=search
16954520,2022-12-20 00:02,河北省邯郸市冀南新区党工委书记,天燃气随意停气,投诉/求助,已办理,http://liuyan.people.com.cn/threads/content?tid=16954520&from=search
16953195,2022-12-19 21:12,河北省省长王正谱,燃气取暖，总停气,投诉/求助,已办理,http://liuyan.people.com.cn/threads/content?tid=16953195&from=search
16953165,2022-12-19 21:08,河北省保定市市长闫继红,寒冷的冬天，燃气公司天天停气,投诉/求助,已办理,http://liuyan.people.com.cn/threads/content?tid=16953165&from=search
16952907,2022-12-19 20:38,河北省邯郸市曲周县委书记,关可民生问题,投诉/求助,已办理,http://liuyan.people.com.cn/threads/content?tid=16952907&from=search
16952642,2022-12-19 20:01,河北省保定市唐县县委书记,关于天然气夜晚停气的问题,投诉/求助,已办理,http://liuyan.people.com.cn/threads/content?tid=16952642&from=search
16952487,2022-12-19 19:34,河北省邯郸市馆陶县委书记,魏增寨镇天然气,投诉/求助,待回复,http://liuyan.people.com.cn/threads/content?tid=16952487&from=search
16952392,2022-12-19 19:16,河北省省长王正谱,燃气公司不送气,投诉/求助,已办理,http://liuyan.people.com.cn/threads/content?tid=16952392&from=search
16952272,2022-12-19 18:44,河北省邯郸市大名县委书记,领导们西付集这边的天然气什么时候能正常了呢,投诉/求助,已办理,http://liuyan.people.com.cn/threads/content?tid=16952272&from=search
16951477,2022-12-19 09:30,河北省邯郸市曲周县委书记,老百姓取暖跟正常生活,建言,已办理,http://liuyan.people.com.cn/threads/content?tid=16951477&from=search
16950377,2022-12-19 06:41,河北省保定市委书记党晓龙,北河沿156号院天燃气限量供应居民苦不堪言,投诉/求助,已办理,http://liuyan.people.com.cn/threads/content?tid=16950377&from=search
16950028,2022-12-19 05:48,河北省委书记倪岳峰,天然气天天停不能取暖投诉无门,投诉/求助,已办理,http://liuyan.people.com.cn/threads/content?tid=16950028&from=search
16949113,2022-12-19 03:39,河北省省长王正谱,农村取暖问题,投诉/求助,已办理,http://liuyan.people.com.cn/threads/content?tid=16949113&from=search
16948853,2022-12-19 03:03,河北省邯郸市委书记张维亮,这么冷的天天然气却一直在停,投诉/求助,办理中,http://liuyan.people.com.cn/threads/content?tid=16948853&from=search
16948765,2022-12-19 02:51,河北省保定市委书记党晓龙,保定市莲池区156号院天然气问题,投诉/求助,已办理,http://liuyan.people.com.cn/threads/content?tid=16948765&from=search
16947048,2022-12-18 22:18,河北省委书记倪岳峰,河北省衡水市饶阳县燃气问题,投诉/求助,办理中,http://liuyan.people.com.cn/threads/content?tid=16947048&from=search
16946679,2022-12-18 21:35,河北省邯郸市委书记张维亮,冬季无法做饭取暖,投诉/求助,办理中,http://liuyan.people.com.cn/threads/content?tid=16946679&from=search
16945914,2022-12-18 19:51,河北省沧州市泊头市委书记,泊头市博通燃气停气问题,投诉/求助,已办理,http://liuyan.people.com.cn/threads/content?tid=16945914&from=search
16945859,2022-12-18 19:38,河北省委书记倪岳峰,取暖困难,投诉/求助,已办理,http://liuyan.people.com.cn/threads/content?tid=16945859&from=search
16945533,2022-12-18 18:02,河北省邯郸市邱县县委书记,邱县新马头镇第四营村停气问题,咨询,办理中,http://liuyan.people.com.cn/threads/content?tid=16945533&from=search
16945529,2022-12-18 18:02,河北省邯郸市大名县委书记,中燃天然气何时能保证正常供气,投诉/求助,已办理,http://liuyan.people.com.cn/threads/content?tid=16945529&from=search
16945323,2022-12-18 14:11,河北省委书记倪岳峰,取暖问题,投诉/求助,办理中,http://liuyan.people.com.cn/threads/content?tid=16945323&from=search
16944471,2022-12-18 08:05,河北省委书记倪岳峰,邱县中燃能源发展有限公司无故经常停天然气,投诉/求助,办理中,http://liuyan.people.com.cn/threads/content?tid=16944471&from=search
16944273,2022-12-18 07:33,河北省邯郸市委书记张维亮,邱县燃气每天晚上停气，孩子都冻感冒了,投诉/求助,办理中,http://liuyan.people.com.cn/threads/content?tid=16944273&from=search
16942668,2022-12-18 02:21,河北省委书记倪岳峰,老百姓怎么过冬,投诉/求助,办理中,http://liuyan.people.com.cn/threads/content?tid=16942668&from=search
16941968,2022-12-18 00:06,河北省沧州市委书记康彦民,燃气供应不上，百姓挨冻,投诉/求助,已办理,http://liuyan.people.com.cn/threads/content?tid=16941968&from=search
16941297,2022-12-17 21:58,河北省邯郸市市长樊成华,肥乡区东河头堡小区燃气问题没有解决,投诉/求助,已办理,http://liuyan.people.com.cn/threads/content?tid=16941297&from=search
16941256,2022-12-17 21:52,河北省委书记倪岳峰,农村天然气供应及暖气问题,建言,办理中,http://liuyan.people.com.cn/threads/content?tid=16941256&from=search
16941009,2022-12-17 21:13,河北省保定市委书记党晓龙,农村天气热供热情况反应,建言,已办理,http://liuyan.people.com.cn/threads/content?tid=16941009&from=search
16940684,2022-12-17 20:15,河北省邯郸市邱县县委书记,投诉邱县中燃,投诉/求助,办理中,http://liuyan.people.com.cn/threads/content?tid=16940684&from=search
16940387,2022-12-17 19:16,河北省委书记倪岳峰,冬天无法取暖,投诉/求助,办理中,http://liuyan.people.com.cn/threads/content?tid=16940387&from=search
16940081,2022-12-17 17:20,河北省邯郸市大名县委书记,自来水问题，燃气问题，,投诉/求助,已办理,http://liuyan.people.com.cn/threads/content?tid=16940081&from=search
16939964,2022-12-17 14:05,河北省保定市委书记党晓龙,半夜停气,投诉/求助,已办理,http://liuyan.people.com.cn/threads/content?tid=16939964&from=search
16939915,2022-12-17 12:23,河北省省长王正谱,三天两头给停气！生活受到影响,投诉/求助,已办理,http://liuyan.people.com.cn/threads/content?tid=16939915&from=search
16939867,2022-12-17 11:44,河北省省长王正谱,河北邯郸利坤燃气，正取暖的时候老是停气,投诉/求助,已办理,http://liuyan.people.com.cn/threads/content?tid=16939867&from=search
16939584,2022-12-17 09:43,河北省邯郸市委书记张维亮,馆陶县中国燃气天天停气,投诉/求助,办理中,http://liuyan.people.com.cn/threads/content?tid=16939584&from=search
16939529,2022-12-17 09:30,河北省委书记倪岳峰,投诉邯郸市中燃天然气公司,投诉/求助,已办理,http://liuyan.people.com.cn/threads/content?tid=16939529&from=search
16939398,2022-12-17 09:01,河北省委书记倪岳峰,衡水农村老停燃气,投诉/求助,办理中,http://liuyan.people.com.cn/threads/content?tid=16939398&from=search
16938803,2022-12-17 07:21,河北省保定市市长闫继红,易县申易燃气天天夜间停气，无法正常供暖。,投诉/求助,已办理,http://liuyan.people.com.cn/threads/content?tid=16938803&from=search
16938570,2022-12-17 06:47,河北省保定市委书记党晓龙,望都中燃,限售燃气,晚上停气 百姓挨冻 投诉/求助 已办理,http://liuyan.people.com.cn/threads/content?tid=16938570&from=search
16937918,2022-12-17 04:38,河北省沧州市市长向辉,燃气公司断燃气,投诉/求助,已办理,http://liuyan.people.com.cn/threads/content?tid=16937918&from=search
16937611,2022-12-17 03:43,河北省邢台市临西县委书记,燃气不够取暖，家里冷,投诉/求助,已办理,http://liuyan.people.com.cn/threads/content?tid=16937611&from=search
16937424,2022-12-17 03:14,河北省省长王正谱,煤改气后经常停气取暖做饭都是问题,投诉/求助,已办理,http://liuyan.people.com.cn/threads/content?tid=16937424&from=search
16936749,2022-12-17 00:56,河北省保定市唐县县委书记,投诉中燃天天晚上停气,投诉/求助,已办理,http://liuyan.people.com.cn/threads/content?tid=16936749&from=search
16936600,2022-12-17 00:28,河北省定州市委书记张涛,定州市叮咛店镇天然气停气导致农民挨冻！,投诉/求助,已办理,http://liuyan.people.com.cn/threads/content?tid=16936600&from=search
16936192,2022-12-16 23:12,河北省省长王正谱,邯郸市曲周县南里岳乡天然气停气,投诉/求助,已办理,http://liuyan.people.com.cn/threads/content?tid=16936192&from=search
16936186,2022-12-16 23:11,河北省邯郸市广平县委书记,广平县中燃燃气公司晚上经常性停气。,投诉/求助,已办理,http://liuyan.people.com.cn/threads/content?tid=16936186&from=search
16935052,2022-12-16 20:44,河北省保定市定兴县委书记,天然气限购停气,投诉/求助,已办理,http://liuyan.people.com.cn/threads/content?tid=16935052&from=search
16934295,2022-12-16 16:50,河北省邯郸市邱县县委书记,农村用什么来取暖,咨询,办理中,http://liuyan.people.com.cn/threads/content?tid=16934295&from=search
16933597,2022-12-16 09:21,河北省邯郸市峰峰矿区委书记,停气取暖,投诉/求助,待回复,http://liuyan.people.com.cn/threads/content?tid=16933597&from=search
16933486,2022-12-16 09:05,河北省邯郸市临漳县委书记,章里集镇北柴屯村没水没天然气,投诉/求助,已办理,http://liuyan.people.com.cn/threads/content?tid=16933486&from=search
16933269,2022-12-16 08:26,河北省邯郸市邱县县委书记,天然气停气问题,咨询,办理中,http://liuyan.people.com.cn/threads/content?tid=16933269&from=search
16932715,2022-12-16 06:55,河北省委书记倪岳峰,天然气供应不足,投诉/求助,已办理,http://liuyan.people.com.cn/threads/content?tid=16932715&from=search
16932712,2022-12-16 06:55,河北省邯郸市委书记张维亮,求助,投诉/求助,办理中,http://liuyan.people.com.cn/threads/content?tid=16932712&from=search
16930271,2022-12-16 00:47,河北省邯郸市肥乡区委书记,农村天然气停气，做饭取暖成百姓日常大问题,投诉/求助,已办理,http://liuyan.people.com.cn/threads/content?tid=16930271&from=search
16930249,2022-12-16 00:43,河北省沧州市泊头市委书记,天然气断气,建言,已办理,http://liuyan.people.com.cn/threads/content?tid=16930249&from=search
16928337,2022-12-15 20:19,河北省邯郸市邱县县委书记,中燃公司随意停气,投诉/求助,已办理,http://liuyan.people.com.cn/threads/content?tid=16928337&from=search
16927400,2022-12-15 12:45,河北省委书记倪岳峰,利坤燃气公司随意停气,投诉/求助,已办理,http://liuyan.people.com.cn/threads/content?tid=16927400&from=search
16926971,2022-12-15 09:52,河北省委书记倪岳峰,农村煤改气让广大农民挨冻、受累,投诉/求助,办理中,http://liuyan.people.com.cn/threads/content?tid=16926971&from=search
16922869,2022-12-14 23:51,河北省邯郸市市长樊成华,天然气停气,投诉/求助,已办理,http://liuyan.people.com.cn/threads/content?tid=16922869&from=search
16920521,2022-12-14 18:37,河北省沧州市吴桥县委书记,入冬来天然气几乎每天都停,投诉/求助,已办理,http://liuyan.people.com.cn/threads/content?tid=16920521&from=search
16920439,2022-12-14 18:14,河北省沧州市青县县委书记,奥德燃气公司冬季供暖随意停气,投诉/求助,已办理,http://liuyan.people.com.cn/threads/content?tid=16920439&from=search
16920183,2022-12-14 13:56,河北省邯郸市委书记张维亮,河北省邯郸市邱县冬天晚上停气，无法取暖，百姓,投诉/求助,已办理,http://liuyan.people.com.cn/threads/content?tid=16920183&from=search
16914523,2022-12-13 21:05,河北省省长王正谱,冬季取暖，燃气限购,投诉/求助,已办理,http://liuyan.people.com.cn/threads/content?tid=16914523&from=search
16913847,2022-12-13 19:44,河北省委书记倪岳峰,关于保定市博野县北两合村燃气总停气的问题,投诉/求助,已办理,http://liuyan.people.com.cn/threads/content?tid=16913847&from=search
16912203,2022-12-13 08:44,河北省委书记倪岳峰,天然气问题,投诉/求助,办理中,http://liuyan.people.com.cn/threads/content?tid=16912203&from=search
16910419,2022-12-13 04:34,河北省定州市委书记张涛,河北省定州市孙家庄村新奥燃气停供天然气,投诉/求助,已办理,http://liuyan.people.com.cn/threads/content?tid=16910419&from=search
16909327,2022-12-13 02:32,河北省沧州市泊头市委书记,泊头文庙地区停气,投诉/求助,已办理,http://liuyan.people.com.cn/threads/content?tid=16909327&from=search
16904490,2022-12-12 09:05,河北省沧州市泊头市委书记,泊头奥德燃气公司,投诉/求助,已办理,http://liuyan.people.com.cn/threads/content?tid=16904490&from=search
16898682,2022-12-11 21:24,河北省沧州市泊头市委书记,燃气问题,投诉/求助,已办理,http://liuyan.people.com.cn/threads/content?tid=16898682&from=search
16897657,2022-12-11 19:37,河北省沧州市泊头市委书记,王武镇燃气公司停气停暖,投诉/求助,已办理,http://liuyan.people.com.cn/threads/content?tid=16897657&from=search
16896404,2022-12-11 09:32,河北省邯郸市邱县县委书记,半夜天然气停气,咨询,已办理,http://liuyan.people.com.cn/threads/content?tid=16896404&from=search
16895675,2022-12-11 07:37,河北省委书记倪岳峰,要求农民煤改气冬季天然气限购经常停气,投诉/求助,已办理,http://liuyan.people.com.cn/threads/content?tid=16895675&from=search
16895591,2022-12-11 07:23,河北省沧州市吴桥县委书记,中燃天然气公司随意停气,投诉/求助,已办理,http://liuyan.people.com.cn/threads/content?tid=16895591&from=search
16894716,2022-12-11 05:02,河北省邯郸市委书记张维亮,燃气公司限购燃气，还停气。,投诉/求助,办理中,http://liuyan.people.com.cn/threads/content?tid=16894716&from=search
16894545,2022-12-11 04:31,河北省邯郸市委书记张维亮,鸡泽县中燃天然气公司半夜断气,投诉/求助,已办理,http://liuyan.people.com.cn/threads/content?tid=16894545&from=search
16892462,2022-12-10 22:46,河北省沧州市委书记康彦民,奥德天然气公司不作为,投诉/求助,已办理,http://liuyan.people.com.cn/threads/content?tid=16892462&from=search
16890692,2022-12-10 14:46,河北省委书记倪岳峰,农村取暖问题,投诉/求助,已办理,http://liuyan.people.com.cn/threads/content?tid=16890692&from=search
16888325,2022-12-10 04:47,河北省沧州市献县县委书记,乐寿镇南街村百川燃气停气3天了,投诉/求助,已办理,http://liuyan.people.com.cn/threads/content?tid=16888325&from=search
16880733,2022-12-09 03:49,河北省沧州市青县县委书记,燃气供应不足无法取暖,投诉/求助,已办理,http://liuyan.people.com.cn/threads/content?tid=16880733&from=search
16871597,2022-12-08 03:55,河北省石家庄市元氏县委书记,冬季采暖期天燃气公司无缘无故长时间停气,投诉/求助,已办理,http://liuyan.people.com.cn/threads/content?tid=16871597&from=search
16868357,2022-12-07 22:36,河北省委书记倪岳峰,定州市赛里村停气停暖，不让交费,投诉/求助,已办理,http://liuyan.people.com.cn/threads/content?tid=16868357&from=search
16865436,2022-12-07 14:46,河北省保定市涞水县委书记,涞水中燃半夜停气,投诉/求助,已办理,http://liuyan.people.com.cn/threads/content?tid=16865436&from=search
16856555,2022-12-06 20:34,河北省邯郸市大名县委书记,天然气停气,建言,已办理,http://liuyan.people.com.cn/threads/content?tid=16856555&from=search
16854499,2022-12-06 09:53,河北省保定市徐水区委书记,天然气晚上老停气希望领导解决一下,投诉/求助,已办理,http://liuyan.people.com.cn/threads/content?tid=16854499&from=search
16853217,2022-12-06 07:34,河北省省长王正谱,沧州市献县中燃燃气隔三差五每天断供天然气,投诉/求助,待回复,http://liuyan.people.com.cn/threads/content?tid=16853217&from=search
16849022,2022-12-06 00:34,河北省保定市易县县委书记,易县桥头乡村民冬季取暖的投诉,投诉/求助,已办理,http://liuyan.people.com.cn/threads/content?tid=16849022&from=search
16847383,2022-12-05 21:48,河北省沧州市委书记康彦民,沧州献县河街小万村等村天然气多次停供且时间长,投诉/求助,已办理,http://liuyan.people.com.cn/threads/content?tid=16847383&from=search
16847046,2022-12-05 21:18,河北省沧州市献县县委书记,供暖问题,投诉/求助,已办理,http://liuyan.people.com.cn/threads/content?tid=16847046&from=search
16846445,2022-12-05 20:23,河北省保定市委书记党晓龙,中燃燃气公司天然气限购和随意停气,投诉/求助,已办理,http://liuyan.people.com.cn/threads/content?tid=16846445&from=search
12465085,2022-01-02 02:04,河北省委书记倪岳峰,涞水县燃气三九天无故、无提前通知停气,投诉/求助,已办理,http://liuyan.people.com.cn/threads/content?tid=12465085&from=search
12523903,2022-01-05 10:55,河北省石家庄市桥西区委书记,关于留营华苑天然气经常性长时间停气问题,投诉/求助,已办理,http://liuyan.people.com.cn/threads/content?tid=12523903&from=search
12530300,2022-01-05 21:37,河北省委书记倪岳峰,天然气断供，做饭成问题,投诉/求助,已办理,http://liuyan.people.com.cn/threads/content?tid=12530300&from=search
12617422,2022-01-12 18:35,河北省邯郸市永年区委书记,燃气经常停气,投诉/求助,已办理,http://liuyan.people.com.cn/threads/content?tid=12617422&from=search
12684448,2022-01-18 22:58,河北省邯郸市肥乡区委书记,村里，停气问题谁能给解决,投诉/求助,已办理,http://liuyan.people.com.cn/threads/content?tid=12684448&from=search
12690634,2022-01-19 08:32,河北省邯郸市肥乡区委书记,停气问题,投诉/求助,已办理,http://liuyan.people.com.cn/threads/content?tid=12690634&from=search
12699601,2022-01-20 04:48,河北省石家庄市委书记张超超,留营华苑经常性长时间停气，停气期间扣费问题,投诉/求助,已办理,http://liuyan.people.com.cn/threads/content?tid=12699601&from=search
12700169,2022-01-20 05:57,河北省石家庄市市长马宇骏,长安区南村镇新南家园小区天然气断供多日,投诉/求助,已办理,http://liuyan.people.com.cn/threads/content?tid=12700169&from=search
12711023,2022-01-21 05:09,河北省沧州市委书记康彦民,奥德燃气公司供暖总停气,投诉/求助,已办理,http://liuyan.people.com.cn/threads/content?tid=12711023&from=search
12715187,2022-01-21 18:23,河北省邯郸市涉县县委书记,问题反映,投诉/求助,已办理,http://liuyan.people.com.cn/threads/content?tid=12715187&from=search
12717473,2022-01-21 22:45,河北省沧州市泊头市委书记,投诉奥德燃气公司供气不到位问题,投诉/求助,已办理,http://liuyan.people.com.cn/threads/content?tid=12717473&from=search
12730097,2022-01-23 05:31,河北省邯郸市鸡泽县委书记,天气寒冷，没有燃气,投诉/求助,已办理,http://liuyan.people.com.cn/threads/content?tid=12730097&from=search
12732040,2022-01-23 09:20,河北省委书记倪岳峰,求助,投诉/求助,已办理,http://liuyan.people.com.cn/threads/content?tid=12732040&from=search
12732550,2022-01-23 10:20,河北省邯郸市永年区委书记,一到冬天天天停气，做饭都是问题,投诉/求助,已办理,http://liuyan.people.com.cn/threads/content?tid=12732550&from=search
12732623,2022-01-23 10:34,河北省邯郸市永年区委书记,天然气公司长时间不按时送气,投诉/求助,已办理,http://liuyan.people.com.cn/threads/content?tid=12732623&from=search
12734418,2022-01-23 20:14,河北省承德市滦平县委书记,滦平大屯窑沟门异地搬迁小区供暖问题,投诉/求助,已办理,http://liuyan.people.com.cn/threads/content?tid=12734418&from=search
12735050,2022-01-23 21:09,河北省邯郸市委书记张维亮,天然气天天半夜停气,做饭停气,投诉/求助 已办理,http://liuyan.people.com.cn/threads/content?tid=12735050&from=search
12737582,2022-01-24 00:46,河北省邯郸市委书记张维亮,壁挂炉不能自动启动，问题始终不解决该谁监管,投诉/求助,已办理,http://liuyan.people.com.cn/threads/content?tid=12737582&from=search
12740720,2022-01-24 05:23,河北省邯郸市永年区委书记,华燃长通三九天无故停气，电话打不通,投诉/求助,已办理,http://liuyan.people.com.cn/threads/content?tid=12740720&from=search
12742637,2022-01-24 08:46,河北省邯郸市委书记张维亮,永年华燃长通谁该管管它,投诉/求助,已办理,http://liuyan.people.com.cn/threads/content?tid=12742637&from=search
12746085,2022-01-24 20:59,河北省邯郸市委书记张维亮,邯郸市永年区甄庄村煤改气，经常停气,投诉/求助,已办理,http://liuyan.people.com.cn/threads/content?tid=12746085&from=search
12748227,2022-01-25 00:30,河北省保定市徐水区委书记,天然气总是停,投诉/求助,已办理,http://liuyan.people.com.cn/threads/content?tid=12748227&from=search
12775365,2022-01-27 18:24,河北省邯郸市委书记张维亮,供暖问题反映,投诉/求助,已办理,http://liuyan.people.com.cn/threads/content?tid=12775365&from=search
12785316,2022-01-28 21:50,河北省委书记倪岳峰,邯郸市丛台区小西堡乡王吕寨村冬季总是停气,投诉/求助,已办理,http://liuyan.people.com.cn/threads/content?tid=12785316&from=search
12789639,2022-01-29 07:25,河北省邯郸市委书记张维亮,关于永年区燃气供应不足经常停气问题,投诉/求助,已办理,http://liuyan.people.com.cn/threads/content?tid=12789639&from=search
12799193,2022-01-30 18:31,河北省委书记倪岳峰,大冬天经常停气,投诉/求助,已办理,http://liuyan.people.com.cn/threads/content?tid=12799193&from=search
12801997,2022-01-31 06:29,河北省保定市委书记党晓龙,燃气公司每天停气不能正常取暖,投诉/求助,已办理,http://liuyan.people.com.cn/threads/content?tid=12801997&from=search
12804912,2022-02-01 03:49,河北省保定市委书记党晓龙,满城区多个村燃气供不上,投诉/求助,已办理,http://liuyan.people.com.cn/threads/content?tid=12804912&from=search
12807057,2022-02-01 19:22,河北省邯郸市市长樊成华,束馆镇北束馆村天然气问题,投诉/求助,已办理,http://liuyan.people.com.cn/threads/content?tid=12807057&from=search
12822489,2022-02-05 09:56,河北省沧州市沧州渤海新区党工委书记,黄骅港政务大厅燃气购买处节假日期间能否安排人,投诉/求助,已办理,http://liuyan.people.com.cn/threads/content?tid=12822489&from=search
12864528,2022-02-09 11:56,河北省保定市高碑店市委书记,泗庄镇供暖问题,投诉/求助,已办理,http://liuyan.people.com.cn/threads/content?tid=12864528&from=search
12889133,2022-02-12 06:58,河北省邯郸市广平县委书记,天然气断气,投诉/求助,已办理,http://liuyan.people.com.cn/threads/content?tid=12889133&from=search
12893559,2022-02-12 23:47,河北省衡水市委书记吴晓华,河北省衡水市武强县无法雪天无法取暖,投诉/求助,已办理,http://liuyan.people.com.cn/threads/content?tid=12893559&from=search
12897844,2022-02-13 11:08,河北省保定市满城区委书记,天然气停气,投诉/求助,已办理,http://liuyan.people.com.cn/threads/content?tid=12897844&from=search
12903782,2022-02-14 05:23,河北省邯郸市肥乡区委书记,农村天然气供应不上,投诉/求助,已办理,http://liuyan.people.com.cn/threads/content?tid=12903782&from=search
12904823,2022-02-14 07:50,河北省邯郸市广平县委书记,燃气停气,投诉/求助,已办理,http://liuyan.people.com.cn/threads/content?tid=12904823&from=search
12906625,2022-02-14 16:48,河北省保定市委书记党晓龙,燃气频繁断气,咨询,已办理,http://liuyan.people.com.cn/threads/content?tid=12906625&from=search
12908378,2022-02-14 21:26,河北省邯郸市邱县县委书记,天然气,投诉/求助,已办理,http://liuyan.people.com.cn/threads/content?tid=12908378&from=search
12909479,2022-02-14 23:14,河北省委书记倪岳峰,关于邯郸市邱县陈村回族乡供气问题,投诉/求助,已办理,http://liuyan.people.com.cn/threads/content?tid=12909479&from=search
12916236,2022-02-15 18:07,河北省衡水市市长董晓航,安平县辉煌能源有限公司,投诉/求助,已办理,http://liuyan.people.com.cn/threads/content?tid=12916236&from=search
12925071,2022-02-16 06:18,河北省沧州市东光县委书记,灯明寺镇大安达村停天然气,投诉/求助,已办理,http://liuyan.people.com.cn/threads/content?tid=12925071&from=search
12982756,2022-02-17 09:28,河北省邯郸市市长樊成华,怎么冷的天为什么我们这里总是停气,投诉/求助,已办理,http://liuyan.people.com.cn/threads/content?tid=12982756&from=search
12987154,2022-02-17 10:26,河北省保定市唐县县委书记,夜间停气,投诉/求助,已办理,http://liuyan.people.com.cn/threads/content?tid=12987154&from=search
12989124,2022-02-17 11:01,河北省保定市市长闫继红,满城区神星镇大楼村,投诉/求助,已办理,http://liuyan.people.com.cn/threads/content?tid=12989124&from=search
12992522,2022-02-17 15:04,河北省保定市委书记党晓龙,白沟翔灿燃气公司持续半个月凌晨停气,投诉/求助,已办理,http://liuyan.people.com.cn/threads/content?tid=12992522&from=search
12997180,2022-02-17 19:22,河北省邯郸市委书记张维亮,提前对管网进行降温,投诉/求助,已办理,http://liuyan.people.com.cn/threads/content?tid=12997180&from=search
13038784,2022-02-18 02:27,河北省邢台市委书记,巨鹿县煤改气取暖问题,咨询,已办理,http://liuyan.people.com.cn/threads/content?tid=13038784&from=search
13064006,2022-02-18 08:18,河北省邯郸市永年区委书记,永年区好多小区从昨晚停气至今,投诉/求助,已办理,http://liuyan.people.com.cn/threads/content?tid=13064006&from=search
13065530,2022-02-18 08:41,河北省省长王正谱,求助省领导，邯郸市永年区何时能解决燃气不足问,投诉/求助,已办理,http://liuyan.people.com.cn/threads/content?tid=13065530&from=search
13065847,2022-02-18 08:45,河北省委书记倪岳峰,农村天然气,投诉/求助,已办理,http://liuyan.people.com.cn/threads/content?tid=13065847&from=search
13082016,2022-02-18 19:12,河北省省长王正谱,河北省邯郸市曲周县大河道乡,投诉/求助,已办理,http://liuyan.people.com.cn/threads/content?tid=13082016&from=search
13086432,2022-02-18 20:27,河北省省长王正谱,邯郸永年天然气气常停气，人们生活取暖无保障,建言,已办理,http://liuyan.people.com.cn/threads/content?tid=13086432&from=search
13147260,2022-02-19 07:22,河北省邯郸市曲周县委书记,天然气,投诉/求助,已办理,http://liuyan.people.com.cn/threads/content?tid=13147260&from=search
13147493,2022-02-19 07:25,河北省邯郸市委书记张维亮,天然气随时停气,投诉/求助,已办理,http://liuyan.people.com.cn/threads/content?tid=13147493&from=search
13150016,2022-02-19 07:52,河北省承德市承德县委书记,承德县高寺台暖气不热,咨询,已办理,http://liuyan.people.com.cn/threads/content?tid=13150016&from=search
13244253,2022-02-20 07:39,河北省雄安新区党工委书记张国华,请求领导百忙之中关注一下,建言,已办理,http://liuyan.people.com.cn/threads/content?tid=13244253&from=search
13314599,2022-02-21 09:08,河北省保定市高碑店市委书记,天然气停气,投诉/求助,已办理,http://liuyan.people.com.cn/threads/content?tid=13314599&from=search
13315014,2022-02-21 09:14,河北省保定市委书记党晓龙,停气,投诉/求助,已办理,http://liuyan.people.com.cn/threads/content?tid=13315014&from=search
13347280,2022-02-22 02:23,河北省保定市市长闫继红,供暖季停气，让老百姓如何过冬,投诉/求助,已办理,http://liuyan.people.com.cn/threads/content?tid=13347280&from=search
13347586,2022-02-22 02:33,河北省保定市定兴县委书记,每天凌晨至上午停气，让老人和孩子如何过冬,投诉/求助,已办理,http://liuyan.people.com.cn/threads/content?tid=13347586&from=search
13359663,2022-02-22 08:31,河北省委书记倪岳峰,河北华燃长通燃气公司长时间停气,投诉/求助,已办理,http://liuyan.people.com.cn/threads/content?tid=13359663&from=search
13360543,2022-02-22 08:58,河北省保定市安国市委书记,安国市黄台村燃气到晚上就停,投诉/求助,已办理,http://liuyan.people.com.cn/threads/content?tid=13360543&from=search
13424879,2022-02-23 20:13,河北省邯郸市委书记张维亮,峰峰矿区人民到吃饭点燃气公司就停气,投诉/求助,已办理,http://liuyan.people.com.cn/threads/content?tid=13424879&from=search
13459170,2022-02-24 04:39,河北省保定市定兴县委书记,老是断气,投诉/求助,已办理,http://liuyan.people.com.cn/threads/content?tid=13459170&from=search
13761952,2022-03-12 08:49,河北省邯郸市委书记张维亮,邯郸市肥乡区元固乡金河苑小区停气问题,投诉/求助,已办理,http://liuyan.people.com.cn/threads/content?tid=13761952&from=search
13791000,2022-03-15 03:03,河北省邯郸市委书记张维亮,天然气,投诉/求助,已办理,http://liuyan.people.com.cn/threads/content?tid=13791000&from=search
13811234,2022-03-16 20:40,河北省委书记倪岳峰,天然气供应问题,投诉/求助,已办理,http://liuyan.people.com.cn/threads/content?tid=13811234&from=search
13828406,2022-03-18 02:30,河北省邯郸市丛台区委书记,丛台区建元小区二期暖气停气,投诉/求助,已办理,http://liuyan.people.com.cn/threads/content?tid=13828406&from=search
13892537,2022-03-23 21:09,河北省唐山市古冶区委书记,古冶区府西里小区供暖问题,投诉/求助,已办理,http://liuyan.people.com.cn/threads/content?tid=13892537&from=search
14121099,2022-04-13 06:24,河北省邯郸市魏县县委书记,天然气三天没气,投诉/求助,已办理,http://liuyan.people.com.cn/threads/content?tid=14121099&from=search
14263673,2022-04-21 04:48,河北省石家庄市鹿泉区委书记,二街拆迁工作搁置,停气停网, 居民如何生活 投诉/求助 已办理,http://liuyan.people.com.cn/threads/content?tid=14263673&from=search
14298469,2022-04-23 12:02,河北省石家庄市藁城区委书记,关于天然气公司乱收费问题,咨询,已办理,http://liuyan.people.com.cn/threads/content?tid=14298469&from=search
14461632,2022-05-02 08:14,河北省保定市委书记党晓龙,求助,投诉/求助,已办理,http://liuyan.people.com.cn/threads/content?tid=14461632&from=search
14545808,2022-05-07 09:49,河北省保定市委书记党晓龙,不知道领导知不知道这个情况,投诉/求助,已办理,http://liuyan.people.com.cn/threads/content?tid=14545808&from=search
14719215,2022-05-15 22:43,河北省保定市委书记党晓龙,南庄头村停水停气,投诉/求助,已办理,http://liuyan.people.com.cn/threads/content?tid=14719215&from=search
14945932,2022-06-01 22:58,河北省石家庄市市长马宇骏,请给中考孩子一个安静安全安心环境,投诉/求助,已办理,http://liuyan.people.com.cn/threads/content?tid=14945932&from=search
15113523,2022-06-16 06:58,河北省委书记倪岳峰,邯郸华润燃气公司强行收费,投诉/求助,已办理,http://liuyan.people.com.cn/threads/content?tid=15113523&from=search
15144786,2022-06-19 07:59,河北省石家庄市桥西区委书记,仓顺路留村家园不是停水就是停气,投诉/求助,待回复,http://liuyan.people.com.cn/threads/content?tid=15144786&from=search
15168523,2022-06-21 06:54,河北省保定市委书记党晓龙,新奥燃气公司强制更换燃气灶,投诉/求助,已办理,http://liuyan.people.com.cn/threads/content?tid=15168523&from=search
15216930,2022-06-25 09:15,河北省保定市委书记党晓龙,酷暑停电,咨询,已办理,http://liuyan.people.com.cn/threads/content?tid=15216930&from=search
15219352,2022-06-25 20:07,河北省沧州市委书记康彦民,不购买公司燃气灶就不达标断气,投诉/求助,已办理,http://liuyan.people.com.cn/threads/content?tid=15219352&from=search
15325911,2022-07-04 22:22,河北省委书记倪岳峰,三河全员强制安装燃气装置的问题,咨询,已办理,http://liuyan.people.com.cn/threads/content?tid=15325911&from=search
15376489,2022-07-08 23:42,河北省石家庄市委书记张超超,石家庄金明燃气有限公司燃气安全装置安装难,投诉/求助,已办理,http://liuyan.people.com.cn/threads/content?tid=15376489&from=search
15393083,2022-07-10 22:05,河北省保定市委书记党晓龙,关于新奥燃气公司强制要求居民更换新燃气灶问题,投诉/求助,已办理,http://liuyan.people.com.cn/threads/content?tid=15393083&from=search
15519015,2022-07-21 21:32,河北省定州市委书记张涛,天然气整改必须买天然气公司零件吗,咨询,已办理,http://liuyan.people.com.cn/threads/content?tid=15519015&from=search
15533881,2022-07-23 04:59,河北省委书记倪岳峰,粗暴方式不解决燃气实际问题，强制换表停气,投诉/求助,已办理,http://liuyan.people.com.cn/threads/content?tid=15533881&from=search
15539326,2022-07-24 20:07,河北省石家庄市委书记张超超,强制换表停气，燃气公司霸道,投诉/求助,已办理,http://liuyan.people.com.cn/threads/content?tid=15539326&from=search
15600938,2022-07-31 09:19,河北省石家庄市委书记张超超,天然气停气！基本生活无法保障！,投诉/求助,已办理,http://liuyan.people.com.cn/threads/content?tid=15600938&from=search
15609847,2022-08-01 05:45,河北省委书记倪岳峰,申请改热力集中供暖,建言,待回复,http://liuyan.people.com.cn/threads/content?tid=15609847&from=search
15653298,2022-08-06 03:15,河北省沧州市泊头市委书记,新安装的管道存在安全隐患,建言,办理中,http://liuyan.people.com.cn/threads/content?tid=15653298&from=search
15703789,2022-08-12 02:27,河北省石家庄市委书记张超超,石家庄国宾壹号小区23号楼停天然气,投诉/求助,已办理,http://liuyan.people.com.cn/threads/content?tid=15703789&from=search
15759783,2022-08-18 06:55,河北省石家庄市市长马宇骏,新奥燃气突然停气,强迫安装自闭阀,投诉/求助 已办理,http://liuyan.people.com.cn/threads/content?tid=15759783&from=search
15787722,2022-08-21 20:33,河北省沧州市肃宁县委书记,南石宝村天然停气好几天了没法做饭,投诉/求助,已办理,http://liuyan.people.com.cn/threads/content?tid=15787722&from=search
15802555,2022-08-23 04:05,河北省秦皇岛市市长丁伟,有关居民安装燃气自闭阀的问题,咨询,已办理,http://liuyan.people.com.cn/threads/content?tid=15802555&from=search
15812301,2022-08-24 04:28,河北省保定市市长闫继红,颉庄村拆迁问题,建言,已办理,http://liuyan.people.com.cn/threads/content?tid=15812301&from=search
15829895,2022-08-25 23:38,河北省石家庄市委书记张超超,关于新奥燃气安装自闭阀的有关疑问,咨询,已办理,http://liuyan.people.com.cn/threads/content?tid=15829895&from=search
15834170,2022-08-26 07:23,河北省石家庄市市长马宇骏,燃气问题,投诉/求助,已办理,http://liuyan.people.com.cn/threads/content?tid=15834170&from=search
15837132,2022-08-26 20:55,河北省石家庄市裕华区委书记,新奥燃气随意停气,投诉/求助,已办理,http://liuyan.people.com.cn/threads/content?tid=15837132&from=search
15971454,2022-09-09 22:48,河北省邯郸市磁县县委书记,邯郸磁县观台镇西保障村天然气断气一周多不通气,投诉/求助,已办理,http://liuyan.people.com.cn/threads/content?tid=15971454&from=search
16016101,2022-09-14 22:07,河北省石家庄市市长马宇骏,1500户居民燃气费用20万480天未退还,投诉/求助,已办理,http://liuyan.people.com.cn/threads/content?tid=16016101&from=search
16121917,2022-09-25 08:32,河北省邯郸市委书记张维亮,停居民燃气30日,投诉/求助,已办理,http://liuyan.people.com.cn/threads/content?tid=16121917&from=search
16262419,2022-10-12 20:22,河北省邯郸市峰峰矿区委书记,民生问题,投诉/求助,已办理,http://liuyan.people.com.cn/threads/content?tid=16262419&from=search
16415624,2022-10-29 23:04,河北省省长王正谱,煤改气供暖问题,建言,已办理,http://liuyan.people.com.cn/threads/content?tid=16415624&from=search
16421002,2022-10-30 11:09,河北省保定市市长闫继红,目前北刘各庄尚有20多户未拆迁,投诉/求助,已办理,http://liuyan.people.com.cn/threads/content?tid=16421002&from=search
16492785,2022-11-06 00:57,河北省委书记倪岳峰,邯郸市峰峰矿区煤气公司无缘无故的给老百姓停气,建言,已办理,http://liuyan.people.com.cn/threads/content?tid=16492785&from=search
16557452,2022-11-10 08:03,河北省邯郸市委书记张维亮,取暖问题，希望领导解决,建言,已办理,http://liuyan.people.com.cn/threads/content?tid=16557452&from=search
16563587,2022-11-10 23:04,河北省石家庄市平山县委书记,隆城绿都小区现在天天天然气停气,投诉/求助,已办理,http://liuyan.people.com.cn/threads/content?tid=16563587&from=search
16592922,2022-11-13 09:11,河北省保定市定兴县委书记,无故停气,投诉/求助,已办理,http://liuyan.people.com.cn/threads/content?tid=16592922&from=search
16614769,2022-11-15 02:13,河北省邯郸市峰峰矿区委书记,暖气年年不热,投诉/求助,已办理,http://liuyan.people.com.cn/threads/content?tid=16614769&from=search
16640950,2022-11-17 01:34,河北省保定市委书记党晓龙,中燃宏洁安国分公司擅自停止供气,投诉/求助,已办理,http://liuyan.people.com.cn/threads/content?tid=16640950&from=search
16645926,2022-11-17 07:49,河北省委书记倪岳峰,涞水县中燃公司供暖季限购100元燃气,投诉/求助,已办理,http://liuyan.people.com.cn/threads/content?tid=16645926&from=search
16649892,2022-11-17 20:24,河北省邯郸市委书记张维亮,肥乡区东河头堡金河苑小区取暖问题,投诉/求助,已办理,http://liuyan.people.com.cn/threads/content?tid=16649892&from=search
16652083,2022-11-17 23:02,河北省雄安新区雄县县委书记,天燃气什么时候给供,咨询,已办理,http://liuyan.people.com.cn/threads/content?tid=16652083&from=search
16653310,2022-11-18 00:46,河北省邯郸市委书记张维亮,取暖问题，希望领导给解决一下,建言,已办理,http://liuyan.people.com.cn/threads/content?tid=16653310&from=search
16670590,2022-11-19 17:44,河北省保定市委书记党晓龙,请求清苑区臧村镇政府恢复燃气管道供暖,投诉/求助,已办理,http://liuyan.people.com.cn/threads/content?tid=16670590&from=search
16673150,2022-11-19 23:44,河北省保定市委书记党晓龙,富瑞康天然气公司停气一周至今不维修,投诉/求助,已办理,http://liuyan.people.com.cn/threads/content?tid=16673150&from=search
16691314,2022-11-21 09:18,河北省邯郸市委书记张维亮,曲周县南里岳乡北马店村天燃气无法使用,投诉/求助,待回复,http://liuyan.people.com.cn/threads/content?tid=16691314&from=search
16695494,2022-11-21 22:17,河北省省长王正谱,保定涞水农村好几年冬天挨冻，望解决,投诉/求助,已办理,http://liuyan.people.com.cn/threads/content?tid=16695494&from=search
16721104,2022-11-24 01:51,河北省委书记倪岳峰,中燃限购停气,投诉/求助,已办理,http://liuyan.people.com.cn/threads/content?tid=16721104&from=search
16750199,2022-11-26 19:30,河北省保定市委书记党晓龙,中燃限购停气,投诉/求助,已办理,http://liuyan.people.com.cn/threads/content?tid=16750199&from=search
16765217,2022-11-28 01:35,河北省委书记倪岳峰,河北省保定市定兴县中燃集团天然气总是停气,投诉/求助,已办理,http://liuyan.people.com.cn/threads/content?tid=16765217&from=search
16768373,2022-11-28 06:00,河北省保定市市长闫继红,供暖改造了，到底造福了谁,投诉/求助,已办理,http://liuyan.people.com.cn/threads/content?tid=16768373&from=search
16780966,2022-11-29 06:30,河北省沧州市委书记康彦民,天然气供气,投诉/求助,已办理,http://liuyan.people.com.cn/threads/content?tid=16780966&from=search
16784510,2022-11-29 19:28,河北省唐山市古冶区委书记,暖气停暖了,投诉/求助,待回复,http://liuyan.people.com.cn/threads/content?tid=16784510&from=search
16785247,2022-11-29 20:28,河北省沧州市委书记康彦民,煤改气，总停气,投诉/求助,已办理,http://liuyan.people.com.cn/threads/content?tid=16785247&from=search
16807064,2022-12-01 19:43,河北省保定市委书记党晓龙,天然气供应,投诉/求助,已办理,http://liuyan.people.com.cn/threads/content?tid=16807064&from=search
16807134,2022-12-01 19:51,河北省保定市定兴县委书记,燃气，一直停气,投诉/求助,已办理,http://liuyan.people.com.cn/threads/content?tid=16807134&from=search
16807518,2022-12-01 20:33,河北省邯郸市磁县县委书记,县医院家属院天然气停供一周，反应多次不解决,投诉/求助,已办理,http://liuyan.people.com.cn/threads/content?tid=16807518&from=search
16817725,2022-12-02 18:59,河北省邯郸市临漳县委书记,利坤燃气限购无故停气,投诉/求助,已办理,http://liuyan.people.com.cn/threads/content?tid=16817725&from=search
16820701,2022-12-03 00:20,河北省保定市定兴县委书记,民生政务,投诉/求助,已办理,http://liuyan.people.com.cn/threads/content?tid=16820701&from=search
16822607,2022-12-03 03:59,河北省保定市定兴县委书记,中燃天然气,, 不供暖 咨询 已办理,http://liuyan.people.com.cn/threads/content?tid=16822607&from=search
16823251,2022-12-03 05:25,河北省委书记倪岳峰,天然气限购和停气,投诉/求助,已办理,http://liuyan.people.com.cn/threads/content?tid=16823251&from=search
16826252,2022-12-03 16:29,河北省沧州市盐山县委书记,中燃公司冬季停气问题！,投诉/求助,已办理,http://liuyan.people.com.cn/threads/content?tid=16826252&from=search
16826890,2022-12-03 19:54,河北省邯郸市临漳县委书记,章里集镇北柴屯村没水没天然气,投诉/求助,已办理,http://liuyan.people.com.cn/threads/content?tid=16826890&from=search
16834850,2022-12-04 17:59,河北省保定市委书记党晓龙,怎样保障农民冬季取暖,投诉/求助,已办理,http://liuyan.people.com.cn/threads/content?tid=16834850&from=search
16840497,2022-12-05 03:35,河北省委书记倪岳峰,农村天然气取暖,建言,已办理,http://liuyan.people.com.cn/threads/content?tid=16840497&from=search
16841053,2022-12-05 04:28,河北省委书记倪岳峰,我村经常停天然气,建言,已办理,http://liuyan.people.com.cn/threads/content?tid=16841053&from=search
16844344,2022-12-05 09:53,河北省邯郸市市长樊成华,鸡泽县中燃公司,限购天然气。经常停气，,投诉/求助 已办理,http://liuyan.people.com.cn/threads/content?tid=16844344&from=search
16845394,2022-12-05 17:23,河北省保定市委书记党晓龙,煤改气,投诉/求助,已办理,http://liuyan.people.com.cn/threads/content?tid=16845394&from=search
16846335,2022-12-05 20:14,河北省保定市市长闫继红,燃气经常停供暖成问题,投诉/求助,已办理,http://liuyan.people.com.cn/threads/content?tid=16846335&from=search
